IE_XML_ID;IE_NAME;IE_ID;IE_ACTIVE;IE_ACTIVE_FROM;IE_ACTIVE_TO;IE_PREVIEW_PICTURE;IE_PREVIEW_TEXT;IE_PREVIEW_TEXT_TYPE;IE_DETAIL_PICTURE;IE_DETAIL_TEXT;IE_DETAIL_TEXT_TYPE;IE_CODE;IE_TAGS;IP_PROP17;IP_PROP16;IP_PROP15;IC_GROUP0;IC_GROUP1;IC_GROUP2
5406;Краснодарский край, г. Новороссийск;5406;Y;;;/upload/iblock/145/145054740f0eb8cdd9cb691e646a987f.jpg;;html;/upload/iblock/e5f/e5f20e9ce0a80df791f77e8a41c385fb.jpg;"<p>Объект: режимный объект, г. Новороссийск, Краснодарский край</p>

<p>Задача: демонтаж опорной плиты толщиной 1200мм, с делением на фрагменты. </p>

<p>Работа была произведена с применением канатной установки HILTI  TSWS 3018 с погружными стойками. Так же использовались бурильные установки HILTI DD350 для бурения отверстий Ф252мм под погружные стойки.</p>

<p>Работы производились круглосуточно и были выполнены в срок.</p>";html;krasnodarskii_krai_g_novorossiisk;;Здесь вы можете ознакомиться с фотографиями и описанием нашего проекта по демонтажу опорной плиты в городе Новороссийске Краснодарского края. Компания РезАлмаз - алмазная резка любой сложности в кратчайшие сроки.;Демонтаж опорной плиты;/upload/iblock/9f8/9f8bb91bf7fdd6b9b948f27e9ac8f650.jpg;;;
5406;Краснодарский край, г. Новороссийск;5406;Y;;;/upload/iblock/145/145054740f0eb8cdd9cb691e646a987f.jpg;;html;/upload/iblock/e5f/e5f20e9ce0a80df791f77e8a41c385fb.jpg;"<p>Объект: режимный объект, г. Новороссийск, Краснодарский край</p>

<p>Задача: демонтаж опорной плиты толщиной 1200мм, с делением на фрагменты. </p>

<p>Работа была произведена с применением канатной установки HILTI  TSWS 3018 с погружными стойками. Так же использовались бурильные установки HILTI DD350 для бурения отверстий Ф252мм под погружные стойки.</p>

<p>Работы производились круглосуточно и были выполнены в срок.</p>";html;krasnodarskii_krai_g_novorossiisk;;Здесь вы можете ознакомиться с фотографиями и описанием нашего проекта по демонтажу опорной плиты в городе Новороссийске Краснодарского края. Компания РезАлмаз - алмазная резка любой сложности в кратчайшие сроки.;Демонтаж опорной плиты;/upload/iblock/c5f/c5fad078813d478ff0deeb9398eb7e15.jpg;;;
5406;Краснодарский край, г. Новороссийск;5406;Y;;;/upload/iblock/145/145054740f0eb8cdd9cb691e646a987f.jpg;;html;/upload/iblock/e5f/e5f20e9ce0a80df791f77e8a41c385fb.jpg;"<p>Объект: режимный объект, г. Новороссийск, Краснодарский край</p>

<p>Задача: демонтаж опорной плиты толщиной 1200мм, с делением на фрагменты. </p>

<p>Работа была произведена с применением канатной установки HILTI  TSWS 3018 с погружными стойками. Так же использовались бурильные установки HILTI DD350 для бурения отверстий Ф252мм под погружные стойки.</p>

<p>Работы производились круглосуточно и были выполнены в срок.</p>";html;krasnodarskii_krai_g_novorossiisk;;Здесь вы можете ознакомиться с фотографиями и описанием нашего проекта по демонтажу опорной плиты в городе Новороссийске Краснодарского края. Компания РезАлмаз - алмазная резка любой сложности в кратчайшие сроки.;Демонтаж опорной плиты;/upload/iblock/445/445b2a1a0e14dbbb6e2e0ba1d5a466c4.jpg;;;
5406;Краснодарский край, г. Новороссийск;5406;Y;;;/upload/iblock/145/145054740f0eb8cdd9cb691e646a987f.jpg;;html;/upload/iblock/e5f/e5f20e9ce0a80df791f77e8a41c385fb.jpg;"<p>Объект: режимный объект, г. Новороссийск, Краснодарский край</p>

<p>Задача: демонтаж опорной плиты толщиной 1200мм, с делением на фрагменты. </p>

<p>Работа была произведена с применением канатной установки HILTI  TSWS 3018 с погружными стойками. Так же использовались бурильные установки HILTI DD350 для бурения отверстий Ф252мм под погружные стойки.</p>

<p>Работы производились круглосуточно и были выполнены в срок.</p>";html;krasnodarskii_krai_g_novorossiisk;;Здесь вы можете ознакомиться с фотографиями и описанием нашего проекта по демонтажу опорной плиты в городе Новороссийске Краснодарского края. Компания РезАлмаз - алмазная резка любой сложности в кратчайшие сроки.;Демонтаж опорной плиты;/upload/iblock/0b4/0b43ba2bdd0f237f3170cc2f179834eb.jpg;;;
5406;Краснодарский край, г. Новороссийск;5406;Y;;;/upload/iblock/145/145054740f0eb8cdd9cb691e646a987f.jpg;;html;/upload/iblock/e5f/e5f20e9ce0a80df791f77e8a41c385fb.jpg;"<p>Объект: режимный объект, г. Новороссийск, Краснодарский край</p>

<p>Задача: демонтаж опорной плиты толщиной 1200мм, с делением на фрагменты. </p>

<p>Работа была произведена с применением канатной установки HILTI  TSWS 3018 с погружными стойками. Так же использовались бурильные установки HILTI DD350 для бурения отверстий Ф252мм под погружные стойки.</p>

<p>Работы производились круглосуточно и были выполнены в срок.</p>";html;krasnodarskii_krai_g_novorossiisk;;Здесь вы можете ознакомиться с фотографиями и описанием нашего проекта по демонтажу опорной плиты в городе Новороссийске Краснодарского края. Компания РезАлмаз - алмазная резка любой сложности в кратчайшие сроки.;Демонтаж опорной плиты;/upload/iblock/121/1215de83f76f3022852503f6795dd4c7.jpg;;;
5406;Краснодарский край, г. Новороссийск;5406;Y;;;/upload/iblock/145/145054740f0eb8cdd9cb691e646a987f.jpg;;html;/upload/iblock/e5f/e5f20e9ce0a80df791f77e8a41c385fb.jpg;"<p>Объект: режимный объект, г. Новороссийск, Краснодарский край</p>

<p>Задача: демонтаж опорной плиты толщиной 1200мм, с делением на фрагменты. </p>

<p>Работа была произведена с применением канатной установки HILTI  TSWS 3018 с погружными стойками. Так же использовались бурильные установки HILTI DD350 для бурения отверстий Ф252мм под погружные стойки.</p>

<p>Работы производились круглосуточно и были выполнены в срок.</p>";html;krasnodarskii_krai_g_novorossiisk;;Здесь вы можете ознакомиться с фотографиями и описанием нашего проекта по демонтажу опорной плиты в городе Новороссийске Краснодарского края. Компания РезАлмаз - алмазная резка любой сложности в кратчайшие сроки.;Демонтаж опорной плиты;/upload/iblock/0b2/0b2dfc3920f788633cf2f8a623bce1e3.jpg;;;
5406;Краснодарский край, г. Новороссийск;5406;Y;;;/upload/iblock/145/145054740f0eb8cdd9cb691e646a987f.jpg;;html;/upload/iblock/e5f/e5f20e9ce0a80df791f77e8a41c385fb.jpg;"<p>Объект: режимный объект, г. Новороссийск, Краснодарский край</p>

<p>Задача: демонтаж опорной плиты толщиной 1200мм, с делением на фрагменты. </p>

<p>Работа была произведена с применением канатной установки HILTI  TSWS 3018 с погружными стойками. Так же использовались бурильные установки HILTI DD350 для бурения отверстий Ф252мм под погружные стойки.</p>

<p>Работы производились круглосуточно и были выполнены в срок.</p>";html;krasnodarskii_krai_g_novorossiisk;;Здесь вы можете ознакомиться с фотографиями и описанием нашего проекта по демонтажу опорной плиты в городе Новороссийске Краснодарского края. Компания РезАлмаз - алмазная резка любой сложности в кратчайшие сроки.;Демонтаж опорной плиты;/upload/iblock/c5e/c5e8ebbe6ca139af9130bc5f41831afd.jpg;;;
5406;Краснодарский край, г. Новороссийск;5406;Y;;;/upload/iblock/145/145054740f0eb8cdd9cb691e646a987f.jpg;;html;/upload/iblock/e5f/e5f20e9ce0a80df791f77e8a41c385fb.jpg;"<p>Объект: режимный объект, г. Новороссийск, Краснодарский край</p>

<p>Задача: демонтаж опорной плиты толщиной 1200мм, с делением на фрагменты. </p>

<p>Работа была произведена с применением канатной установки HILTI  TSWS 3018 с погружными стойками. Так же использовались бурильные установки HILTI DD350 для бурения отверстий Ф252мм под погружные стойки.</p>

<p>Работы производились круглосуточно и были выполнены в срок.</p>";html;krasnodarskii_krai_g_novorossiisk;;Здесь вы можете ознакомиться с фотографиями и описанием нашего проекта по демонтажу опорной плиты в городе Новороссийске Краснодарского края. Компания РезАлмаз - алмазная резка любой сложности в кратчайшие сроки.;Демонтаж опорной плиты;/upload/iblock/576/576f42b77af456d4aabed7adbd582267.jpg;;;
5406;Краснодарский край, г. Новороссийск;5406;Y;;;/upload/iblock/145/145054740f0eb8cdd9cb691e646a987f.jpg;;html;/upload/iblock/e5f/e5f20e9ce0a80df791f77e8a41c385fb.jpg;"<p>Объект: режимный объект, г. Новороссийск, Краснодарский край</p>

<p>Задача: демонтаж опорной плиты толщиной 1200мм, с делением на фрагменты. </p>

<p>Работа была произведена с применением канатной установки HILTI  TSWS 3018 с погружными стойками. Так же использовались бурильные установки HILTI DD350 для бурения отверстий Ф252мм под погружные стойки.</p>

<p>Работы производились круглосуточно и были выполнены в срок.</p>";html;krasnodarskii_krai_g_novorossiisk;;Здесь вы можете ознакомиться с фотографиями и описанием нашего проекта по демонтажу опорной плиты в городе Новороссийске Краснодарского края. Компания РезАлмаз - алмазная резка любой сложности в кратчайшие сроки.;Демонтаж опорной плиты;/upload/iblock/e2f/e2f78129756688bfd27050b5569333d9.jpg;;;
5406;Краснодарский край, г. Новороссийск;5406;Y;;;/upload/iblock/145/145054740f0eb8cdd9cb691e646a987f.jpg;;html;/upload/iblock/e5f/e5f20e9ce0a80df791f77e8a41c385fb.jpg;"<p>Объект: режимный объект, г. Новороссийск, Краснодарский край</p>

<p>Задача: демонтаж опорной плиты толщиной 1200мм, с делением на фрагменты. </p>

<p>Работа была произведена с применением канатной установки HILTI  TSWS 3018 с погружными стойками. Так же использовались бурильные установки HILTI DD350 для бурения отверстий Ф252мм под погружные стойки.</p>

<p>Работы производились круглосуточно и были выполнены в срок.</p>";html;krasnodarskii_krai_g_novorossiisk;;Здесь вы можете ознакомиться с фотографиями и описанием нашего проекта по демонтажу опорной плиты в городе Новороссийске Краснодарского края. Компания РезАлмаз - алмазная резка любой сложности в кратчайшие сроки.;Демонтаж опорной плиты;/upload/iblock/9b6/9b688e1abdfcf9ca34f64996e193801f.jpg;;;
5406;Краснодарский край, г. Новороссийск;5406;Y;;;/upload/iblock/145/145054740f0eb8cdd9cb691e646a987f.jpg;;html;/upload/iblock/e5f/e5f20e9ce0a80df791f77e8a41c385fb.jpg;"<p>Объект: режимный объект, г. Новороссийск, Краснодарский край</p>

<p>Задача: демонтаж опорной плиты толщиной 1200мм, с делением на фрагменты. </p>

<p>Работа была произведена с применением канатной установки HILTI  TSWS 3018 с погружными стойками. Так же использовались бурильные установки HILTI DD350 для бурения отверстий Ф252мм под погружные стойки.</p>

<p>Работы производились круглосуточно и были выполнены в срок.</p>";html;krasnodarskii_krai_g_novorossiisk;;Здесь вы можете ознакомиться с фотографиями и описанием нашего проекта по демонтажу опорной плиты в городе Новороссийске Краснодарского края. Компания РезАлмаз - алмазная резка любой сложности в кратчайшие сроки.;Демонтаж опорной плиты;/upload/iblock/917/9179e2e83d070b4b4ec518ed698b8503.jpg;;;
5406;Краснодарский край, г. Новороссийск;5406;Y;;;/upload/iblock/145/145054740f0eb8cdd9cb691e646a987f.jpg;;html;/upload/iblock/e5f/e5f20e9ce0a80df791f77e8a41c385fb.jpg;"<p>Объект: режимный объект, г. Новороссийск, Краснодарский край</p>

<p>Задача: демонтаж опорной плиты толщиной 1200мм, с делением на фрагменты. </p>

<p>Работа была произведена с применением канатной установки HILTI  TSWS 3018 с погружными стойками. Так же использовались бурильные установки HILTI DD350 для бурения отверстий Ф252мм под погружные стойки.</p>

<p>Работы производились круглосуточно и были выполнены в срок.</p>";html;krasnodarskii_krai_g_novorossiisk;;Здесь вы можете ознакомиться с фотографиями и описанием нашего проекта по демонтажу опорной плиты в городе Новороссийске Краснодарского края. Компания РезАлмаз - алмазная резка любой сложности в кратчайшие сроки.;Демонтаж опорной плиты;/upload/iblock/a3e/a3e2d785e5a9fb0969165048fad57243.jpg;;;
5407;Москва, улица Адмирала Макарова;5407;Y;;;/upload/iblock/b2d/b2d52b3e7db9e3504c42c222d6d501df.jpg;;html;/upload/iblock/333/3338b4f1900c7ae71d4087153c8becc9.jpg;"<p>Объект: г. Москва, улица Адмирала Макарова.</p>

<p>Задача: демонтировать основание колонн 2100мм*2140мм </p>

<p>Работы проводились на улице и велись круглосуточно. </p>

<p>При выполнении работ использовалась канатная установка алмазной резки HILTI TSVS 15. </p>

<p>Работы были выполнены за 48 часов.</p>";html;moskva_ulitsa_admirala_makarova;;Здесь вы можете ознакомиться с фотографиями и описанием нашего проекта по демонтажу оснований колонн на объекте в Москве. Компания РезАлмаз - алмазная резка любой сложности в кратчайшие сроки.;Демонтаж оснований колонн;/upload/iblock/8c1/8c124af91981b6773b8b61388f69d02d.jpg;;;
5407;Москва, улица Адмирала Макарова;5407;Y;;;/upload/iblock/b2d/b2d52b3e7db9e3504c42c222d6d501df.jpg;;html;/upload/iblock/333/3338b4f1900c7ae71d4087153c8becc9.jpg;"<p>Объект: г. Москва, улица Адмирала Макарова.</p>

<p>Задача: демонтировать основание колонн 2100мм*2140мм </p>

<p>Работы проводились на улице и велись круглосуточно. </p>

<p>При выполнении работ использовалась канатная установка алмазной резки HILTI TSVS 15. </p>

<p>Работы были выполнены за 48 часов.</p>";html;moskva_ulitsa_admirala_makarova;;Здесь вы можете ознакомиться с фотографиями и описанием нашего проекта по демонтажу оснований колонн на объекте в Москве. Компания РезАлмаз - алмазная резка любой сложности в кратчайшие сроки.;Демонтаж оснований колонн;/upload/iblock/15f/15f3074c1168277ae5048c478f716215.jpg;;;
5407;Москва, улица Адмирала Макарова;5407;Y;;;/upload/iblock/b2d/b2d52b3e7db9e3504c42c222d6d501df.jpg;;html;/upload/iblock/333/3338b4f1900c7ae71d4087153c8becc9.jpg;"<p>Объект: г. Москва, улица Адмирала Макарова.</p>

<p>Задача: демонтировать основание колонн 2100мм*2140мм </p>

<p>Работы проводились на улице и велись круглосуточно. </p>

<p>При выполнении работ использовалась канатная установка алмазной резки HILTI TSVS 15. </p>

<p>Работы были выполнены за 48 часов.</p>";html;moskva_ulitsa_admirala_makarova;;Здесь вы можете ознакомиться с фотографиями и описанием нашего проекта по демонтажу оснований колонн на объекте в Москве. Компания РезАлмаз - алмазная резка любой сложности в кратчайшие сроки.;Демонтаж оснований колонн;/upload/iblock/f60/f6098f06b4adea6b294126f13cfa1dc1.jpg;;;
5407;Москва, улица Адмирала Макарова;5407;Y;;;/upload/iblock/b2d/b2d52b3e7db9e3504c42c222d6d501df.jpg;;html;/upload/iblock/333/3338b4f1900c7ae71d4087153c8becc9.jpg;"<p>Объект: г. Москва, улица Адмирала Макарова.</p>

<p>Задача: демонтировать основание колонн 2100мм*2140мм </p>

<p>Работы проводились на улице и велись круглосуточно. </p>

<p>При выполнении работ использовалась канатная установка алмазной резки HILTI TSVS 15. </p>

<p>Работы были выполнены за 48 часов.</p>";html;moskva_ulitsa_admirala_makarova;;Здесь вы можете ознакомиться с фотографиями и описанием нашего проекта по демонтажу оснований колонн на объекте в Москве. Компания РезАлмаз - алмазная резка любой сложности в кратчайшие сроки.;Демонтаж оснований колонн;/upload/iblock/cb7/cb72d29877074331f3e110127620ecab.jpg;;;
5407;Москва, улица Адмирала Макарова;5407;Y;;;/upload/iblock/b2d/b2d52b3e7db9e3504c42c222d6d501df.jpg;;html;/upload/iblock/333/3338b4f1900c7ae71d4087153c8becc9.jpg;"<p>Объект: г. Москва, улица Адмирала Макарова.</p>

<p>Задача: демонтировать основание колонн 2100мм*2140мм </p>

<p>Работы проводились на улице и велись круглосуточно. </p>

<p>При выполнении работ использовалась канатная установка алмазной резки HILTI TSVS 15. </p>

<p>Работы были выполнены за 48 часов.</p>";html;moskva_ulitsa_admirala_makarova;;Здесь вы можете ознакомиться с фотографиями и описанием нашего проекта по демонтажу оснований колонн на объекте в Москве. Компания РезАлмаз - алмазная резка любой сложности в кратчайшие сроки.;Демонтаж оснований колонн;/upload/iblock/b4b/b4ba965ac5da21a92f0573639b3ce50f.jpg;;;
5407;Москва, улица Адмирала Макарова;5407;Y;;;/upload/iblock/b2d/b2d52b3e7db9e3504c42c222d6d501df.jpg;;html;/upload/iblock/333/3338b4f1900c7ae71d4087153c8becc9.jpg;"<p>Объект: г. Москва, улица Адмирала Макарова.</p>

<p>Задача: демонтировать основание колонн 2100мм*2140мм </p>

<p>Работы проводились на улице и велись круглосуточно. </p>

<p>При выполнении работ использовалась канатная установка алмазной резки HILTI TSVS 15. </p>

<p>Работы были выполнены за 48 часов.</p>";html;moskva_ulitsa_admirala_makarova;;Здесь вы можете ознакомиться с фотографиями и описанием нашего проекта по демонтажу оснований колонн на объекте в Москве. Компания РезАлмаз - алмазная резка любой сложности в кратчайшие сроки.;Демонтаж оснований колонн;/upload/iblock/ca8/ca810a30fcb349775b1bf2613e161494.jpg;;;
5407;Москва, улица Адмирала Макарова;5407;Y;;;/upload/iblock/b2d/b2d52b3e7db9e3504c42c222d6d501df.jpg;;html;/upload/iblock/333/3338b4f1900c7ae71d4087153c8becc9.jpg;"<p>Объект: г. Москва, улица Адмирала Макарова.</p>

<p>Задача: демонтировать основание колонн 2100мм*2140мм </p>

<p>Работы проводились на улице и велись круглосуточно. </p>

<p>При выполнении работ использовалась канатная установка алмазной резки HILTI TSVS 15. </p>

<p>Работы были выполнены за 48 часов.</p>";html;moskva_ulitsa_admirala_makarova;;Здесь вы можете ознакомиться с фотографиями и описанием нашего проекта по демонтажу оснований колонн на объекте в Москве. Компания РезАлмаз - алмазная резка любой сложности в кратчайшие сроки.;Демонтаж оснований колонн;/upload/iblock/ce8/ce8ac1665aaa7adb42f155b3122a8eea.jpg;;;
5407;Москва, улица Адмирала Макарова;5407;Y;;;/upload/iblock/b2d/b2d52b3e7db9e3504c42c222d6d501df.jpg;;html;/upload/iblock/333/3338b4f1900c7ae71d4087153c8becc9.jpg;"<p>Объект: г. Москва, улица Адмирала Макарова.</p>

<p>Задача: демонтировать основание колонн 2100мм*2140мм </p>

<p>Работы проводились на улице и велись круглосуточно. </p>

<p>При выполнении работ использовалась канатная установка алмазной резки HILTI TSVS 15. </p>

<p>Работы были выполнены за 48 часов.</p>";html;moskva_ulitsa_admirala_makarova;;Здесь вы можете ознакомиться с фотографиями и описанием нашего проекта по демонтажу оснований колонн на объекте в Москве. Компания РезАлмаз - алмазная резка любой сложности в кратчайшие сроки.;Демонтаж оснований колонн;/upload/iblock/339/339cc2c3f7cf41abc24ec7a0d7cad1df.jpg;;;
5407;Москва, улица Адмирала Макарова;5407;Y;;;/upload/iblock/b2d/b2d52b3e7db9e3504c42c222d6d501df.jpg;;html;/upload/iblock/333/3338b4f1900c7ae71d4087153c8becc9.jpg;"<p>Объект: г. Москва, улица Адмирала Макарова.</p>

<p>Задача: демонтировать основание колонн 2100мм*2140мм </p>

<p>Работы проводились на улице и велись круглосуточно. </p>

<p>При выполнении работ использовалась канатная установка алмазной резки HILTI TSVS 15. </p>

<p>Работы были выполнены за 48 часов.</p>";html;moskva_ulitsa_admirala_makarova;;Здесь вы можете ознакомиться с фотографиями и описанием нашего проекта по демонтажу оснований колонн на объекте в Москве. Компания РезАлмаз - алмазная резка любой сложности в кратчайшие сроки.;Демонтаж оснований колонн;/upload/iblock/fda/fdaf8bebe7c2ce232849c1f1d87088ba.jpg;;;
5407;Москва, улица Адмирала Макарова;5407;Y;;;/upload/iblock/b2d/b2d52b3e7db9e3504c42c222d6d501df.jpg;;html;/upload/iblock/333/3338b4f1900c7ae71d4087153c8becc9.jpg;"<p>Объект: г. Москва, улица Адмирала Макарова.</p>

<p>Задача: демонтировать основание колонн 2100мм*2140мм </p>

<p>Работы проводились на улице и велись круглосуточно. </p>

<p>При выполнении работ использовалась канатная установка алмазной резки HILTI TSVS 15. </p>

<p>Работы были выполнены за 48 часов.</p>";html;moskva_ulitsa_admirala_makarova;;Здесь вы можете ознакомиться с фотографиями и описанием нашего проекта по демонтажу оснований колонн на объекте в Москве. Компания РезАлмаз - алмазная резка любой сложности в кратчайшие сроки.;Демонтаж оснований колонн;/upload/iblock/1ef/1efc4dffa61d855c7464ae6ac623051c.jpg;;;
5407;Москва, улица Адмирала Макарова;5407;Y;;;/upload/iblock/b2d/b2d52b3e7db9e3504c42c222d6d501df.jpg;;html;/upload/iblock/333/3338b4f1900c7ae71d4087153c8becc9.jpg;"<p>Объект: г. Москва, улица Адмирала Макарова.</p>

<p>Задача: демонтировать основание колонн 2100мм*2140мм </p>

<p>Работы проводились на улице и велись круглосуточно. </p>

<p>При выполнении работ использовалась канатная установка алмазной резки HILTI TSVS 15. </p>

<p>Работы были выполнены за 48 часов.</p>";html;moskva_ulitsa_admirala_makarova;;Здесь вы можете ознакомиться с фотографиями и описанием нашего проекта по демонтажу оснований колонн на объекте в Москве. Компания РезАлмаз - алмазная резка любой сложности в кратчайшие сроки.;Демонтаж оснований колонн;/upload/iblock/9e3/9e3bc917a04437fca49425db4f7bc14c.jpg;;;
5408;Московская область, городской округ;5408;Y;;;/upload/iblock/4db/4db3293da2a5aba6f113f75a76206cd7.jpg;;html;/upload/iblock/ffd/ffdbc73685ecf9450f3820376972ae2b.jpg;"<p>Объект: Московская область, частный дом.</p>

<p>Задача: пробурить отверстие ф162 глубиной 800мм в кирпиче, в жилом загородном доме, с минимальным количеством грязи и пыли.</p>

<p>Для реализации этой задачи бала использована бурильная установка HILTI DD 200 c водосборным кольцом. Крепление бурильной установки происходило с использованием химического анкера.</p>";html;moskovskaya_oblast_gorodskoi_okrug;;Здесь вы можете ознакомиться с фотографиями и описанием нашего проекта по бурению сквозного отверстия в частном доме в Московской области. Компания РезАлмаз - алмазная резка любой сложности в кратчайшие сроки.;Сверление сквозного отверстия;/upload/iblock/128/128bc09c9023f17489981961baab70e6.jpg;;;
5408;Московская область, городской округ;5408;Y;;;/upload/iblock/4db/4db3293da2a5aba6f113f75a76206cd7.jpg;;html;/upload/iblock/ffd/ffdbc73685ecf9450f3820376972ae2b.jpg;"<p>Объект: Московская область, частный дом.</p>

<p>Задача: пробурить отверстие ф162 глубиной 800мм в кирпиче, в жилом загородном доме, с минимальным количеством грязи и пыли.</p>

<p>Для реализации этой задачи бала использована бурильная установка HILTI DD 200 c водосборным кольцом. Крепление бурильной установки происходило с использованием химического анкера.</p>";html;moskovskaya_oblast_gorodskoi_okrug;;Здесь вы можете ознакомиться с фотографиями и описанием нашего проекта по бурению сквозного отверстия в частном доме в Московской области. Компания РезАлмаз - алмазная резка любой сложности в кратчайшие сроки.;Сверление сквозного отверстия;/upload/iblock/e62/e6241525ca0201893a90d6f77d7ad4bd.jpg;;;
5408;Московская область, городской округ;5408;Y;;;/upload/iblock/4db/4db3293da2a5aba6f113f75a76206cd7.jpg;;html;/upload/iblock/ffd/ffdbc73685ecf9450f3820376972ae2b.jpg;"<p>Объект: Московская область, частный дом.</p>

<p>Задача: пробурить отверстие ф162 глубиной 800мм в кирпиче, в жилом загородном доме, с минимальным количеством грязи и пыли.</p>

<p>Для реализации этой задачи бала использована бурильная установка HILTI DD 200 c водосборным кольцом. Крепление бурильной установки происходило с использованием химического анкера.</p>";html;moskovskaya_oblast_gorodskoi_okrug;;Здесь вы можете ознакомиться с фотографиями и описанием нашего проекта по бурению сквозного отверстия в частном доме в Московской области. Компания РезАлмаз - алмазная резка любой сложности в кратчайшие сроки.;Сверление сквозного отверстия;/upload/iblock/a04/a0480539fe1e1f0f02569bb2fe114373.jpg;;;
5408;Московская область, городской округ;5408;Y;;;/upload/iblock/4db/4db3293da2a5aba6f113f75a76206cd7.jpg;;html;/upload/iblock/ffd/ffdbc73685ecf9450f3820376972ae2b.jpg;"<p>Объект: Московская область, частный дом.</p>

<p>Задача: пробурить отверстие ф162 глубиной 800мм в кирпиче, в жилом загородном доме, с минимальным количеством грязи и пыли.</p>

<p>Для реализации этой задачи бала использована бурильная установка HILTI DD 200 c водосборным кольцом. Крепление бурильной установки происходило с использованием химического анкера.</p>";html;moskovskaya_oblast_gorodskoi_okrug;;Здесь вы можете ознакомиться с фотографиями и описанием нашего проекта по бурению сквозного отверстия в частном доме в Московской области. Компания РезАлмаз - алмазная резка любой сложности в кратчайшие сроки.;Сверление сквозного отверстия;/upload/iblock/ac4/ac4ba907e08c026d382e61c3fb296f3f.jpg;;;
5409;Россия, Краснодарский край, г. Новороссийск;5409;Y;;;/upload/iblock/72f/72f42ee888e03f633114b228e76a3cff.JPG;;html;/upload/iblock/98e/98e17d696f1f200471144b5e685304c3.JPG;"<p>Объект: режимный объект, г. Новороссийск, Краснодарский край</p>

<p>Задача: демонтаж крышки ж/б резервуара толщиной 300мм с делением на фрагменты.</p>

<p>При выполнении данных работ было использовано следующее оборудование: канатная установка HILTI DSW – 3018 – E, стенорезные установки HILTI DS TS20 – E, DS – TS32, бурильные установки DD350 (4 шт).</p>

<p>Работы производились круглосуточно и были выполнены за 45 суток.</p>";html;rossiya_krasnodarskii_krai_g_novorossiisk;;Здесь вы можете ознакомиться с фотографиями и описанием нашего проекта по демонтажу крыши в городе Новороссийске Краснодарского края. Компания РезАлмаз - алмазная резка любой сложности в кратчайшие сроки.;Демонтаж крыши;/upload/iblock/980/980c87ce92757e5575ce78a684a459a3.JPG;;;
5409;Россия, Краснодарский край, г. Новороссийск;5409;Y;;;/upload/iblock/72f/72f42ee888e03f633114b228e76a3cff.JPG;;html;/upload/iblock/98e/98e17d696f1f200471144b5e685304c3.JPG;"<p>Объект: режимный объект, г. Новороссийск, Краснодарский край</p>

<p>Задача: демонтаж крышки ж/б резервуара толщиной 300мм с делением на фрагменты.</p>

<p>При выполнении данных работ было использовано следующее оборудование: канатная установка HILTI DSW – 3018 – E, стенорезные установки HILTI DS TS20 – E, DS – TS32, бурильные установки DD350 (4 шт).</p>

<p>Работы производились круглосуточно и были выполнены за 45 суток.</p>";html;rossiya_krasnodarskii_krai_g_novorossiisk;;Здесь вы можете ознакомиться с фотографиями и описанием нашего проекта по демонтажу крыши в городе Новороссийске Краснодарского края. Компания РезАлмаз - алмазная резка любой сложности в кратчайшие сроки.;Демонтаж крыши;/upload/iblock/811/8118ff574a2c9f211e94e57acf93cbb4.JPG;;;
5409;Россия, Краснодарский край, г. Новороссийск;5409;Y;;;/upload/iblock/72f/72f42ee888e03f633114b228e76a3cff.JPG;;html;/upload/iblock/98e/98e17d696f1f200471144b5e685304c3.JPG;"<p>Объект: режимный объект, г. Новороссийск, Краснодарский край</p>

<p>Задача: демонтаж крышки ж/б резервуара толщиной 300мм с делением на фрагменты.</p>

<p>При выполнении данных работ было использовано следующее оборудование: канатная установка HILTI DSW – 3018 – E, стенорезные установки HILTI DS TS20 – E, DS – TS32, бурильные установки DD350 (4 шт).</p>

<p>Работы производились круглосуточно и были выполнены за 45 суток.</p>";html;rossiya_krasnodarskii_krai_g_novorossiisk;;Здесь вы можете ознакомиться с фотографиями и описанием нашего проекта по демонтажу крыши в городе Новороссийске Краснодарского края. Компания РезАлмаз - алмазная резка любой сложности в кратчайшие сроки.;Демонтаж крыши;/upload/iblock/759/75979fbe4e8963c2da5c83c37e6f8fb9.JPG;;;
5409;Россия, Краснодарский край, г. Новороссийск;5409;Y;;;/upload/iblock/72f/72f42ee888e03f633114b228e76a3cff.JPG;;html;/upload/iblock/98e/98e17d696f1f200471144b5e685304c3.JPG;"<p>Объект: режимный объект, г. Новороссийск, Краснодарский край</p>

<p>Задача: демонтаж крышки ж/б резервуара толщиной 300мм с делением на фрагменты.</p>

<p>При выполнении данных работ было использовано следующее оборудование: канатная установка HILTI DSW – 3018 – E, стенорезные установки HILTI DS TS20 – E, DS – TS32, бурильные установки DD350 (4 шт).</p>

<p>Работы производились круглосуточно и были выполнены за 45 суток.</p>";html;rossiya_krasnodarskii_krai_g_novorossiisk;;Здесь вы можете ознакомиться с фотографиями и описанием нашего проекта по демонтажу крыши в городе Новороссийске Краснодарского края. Компания РезАлмаз - алмазная резка любой сложности в кратчайшие сроки.;Демонтаж крыши;/upload/iblock/e90/e90057d0c05280bf8d7b3413152340f6.JPG;;;
5409;Россия, Краснодарский край, г. Новороссийск;5409;Y;;;/upload/iblock/72f/72f42ee888e03f633114b228e76a3cff.JPG;;html;/upload/iblock/98e/98e17d696f1f200471144b5e685304c3.JPG;"<p>Объект: режимный объект, г. Новороссийск, Краснодарский край</p>

<p>Задача: демонтаж крышки ж/б резервуара толщиной 300мм с делением на фрагменты.</p>

<p>При выполнении данных работ было использовано следующее оборудование: канатная установка HILTI DSW – 3018 – E, стенорезные установки HILTI DS TS20 – E, DS – TS32, бурильные установки DD350 (4 шт).</p>

<p>Работы производились круглосуточно и были выполнены за 45 суток.</p>";html;rossiya_krasnodarskii_krai_g_novorossiisk;;Здесь вы можете ознакомиться с фотографиями и описанием нашего проекта по демонтажу крыши в городе Новороссийске Краснодарского края. Компания РезАлмаз - алмазная резка любой сложности в кратчайшие сроки.;Демонтаж крыши;/upload/iblock/16a/16a6d20e54f0040e807093911f9588a0.JPG;;;
5409;Россия, Краснодарский край, г. Новороссийск;5409;Y;;;/upload/iblock/72f/72f42ee888e03f633114b228e76a3cff.JPG;;html;/upload/iblock/98e/98e17d696f1f200471144b5e685304c3.JPG;"<p>Объект: режимный объект, г. Новороссийск, Краснодарский край</p>

<p>Задача: демонтаж крышки ж/б резервуара толщиной 300мм с делением на фрагменты.</p>

<p>При выполнении данных работ было использовано следующее оборудование: канатная установка HILTI DSW – 3018 – E, стенорезные установки HILTI DS TS20 – E, DS – TS32, бурильные установки DD350 (4 шт).</p>

<p>Работы производились круглосуточно и были выполнены за 45 суток.</p>";html;rossiya_krasnodarskii_krai_g_novorossiisk;;Здесь вы можете ознакомиться с фотографиями и описанием нашего проекта по демонтажу крыши в городе Новороссийске Краснодарского края. Компания РезАлмаз - алмазная резка любой сложности в кратчайшие сроки.;Демонтаж крыши;/upload/iblock/c42/c4254d783d2ccd23f379f3bc1021546c.JPG;;;
5409;Россия, Краснодарский край, г. Новороссийск;5409;Y;;;/upload/iblock/72f/72f42ee888e03f633114b228e76a3cff.JPG;;html;/upload/iblock/98e/98e17d696f1f200471144b5e685304c3.JPG;"<p>Объект: режимный объект, г. Новороссийск, Краснодарский край</p>

<p>Задача: демонтаж крышки ж/б резервуара толщиной 300мм с делением на фрагменты.</p>

<p>При выполнении данных работ было использовано следующее оборудование: канатная установка HILTI DSW – 3018 – E, стенорезные установки HILTI DS TS20 – E, DS – TS32, бурильные установки DD350 (4 шт).</p>

<p>Работы производились круглосуточно и были выполнены за 45 суток.</p>";html;rossiya_krasnodarskii_krai_g_novorossiisk;;Здесь вы можете ознакомиться с фотографиями и описанием нашего проекта по демонтажу крыши в городе Новороссийске Краснодарского края. Компания РезАлмаз - алмазная резка любой сложности в кратчайшие сроки.;Демонтаж крыши;/upload/iblock/504/50429484160df7693c80800b2dbc3928.JPG;;;
5409;Россия, Краснодарский край, г. Новороссийск;5409;Y;;;/upload/iblock/72f/72f42ee888e03f633114b228e76a3cff.JPG;;html;/upload/iblock/98e/98e17d696f1f200471144b5e685304c3.JPG;"<p>Объект: режимный объект, г. Новороссийск, Краснодарский край</p>

<p>Задача: демонтаж крышки ж/б резервуара толщиной 300мм с делением на фрагменты.</p>

<p>При выполнении данных работ было использовано следующее оборудование: канатная установка HILTI DSW – 3018 – E, стенорезные установки HILTI DS TS20 – E, DS – TS32, бурильные установки DD350 (4 шт).</p>

<p>Работы производились круглосуточно и были выполнены за 45 суток.</p>";html;rossiya_krasnodarskii_krai_g_novorossiisk;;Здесь вы можете ознакомиться с фотографиями и описанием нашего проекта по демонтажу крыши в городе Новороссийске Краснодарского края. Компания РезАлмаз - алмазная резка любой сложности в кратчайшие сроки.;Демонтаж крыши;/upload/iblock/358/3582b79a2580a0c6bca7a2210e14717b.JPG;;;
5410;Алмазная резка бетона (фундаментной плиты);5410;Y;;;/upload/iblock/8c9/8c9bd1c9494cba42f826a30e4300b57f.jpg;;html;/upload/iblock/404/404b4dd976d43025abb4bcf8a9d52990.jpg;"<p>Объект: Московская область, Переславль-Залесский, Завод.</p>

<p>Задача: демонтировать часть фундаментной плиты и разделить на фрагменты, в непрерывно работающем цеху, с полным отсутствием пыли и грязи вне рабочей зоны.</p>

<p>Для осуществления этого проекта нами был сооружен защитный каркас обтянутый пленкой. Так же была сделана вентиляция.</p>

<p>При резке использовались стенорезные машины HILTI DSTS32, бурильные установки HILTI DD350 и промышленные пылесосы HILTI VCU40.</p>

<p>Этот объем работ был выполнен за 16 часов.</p>";html;rossiya_yaroslavskaya_oblast_pereslavl_zalesskii_zavod;;Здесь вы можете ознакомиться с фотографиями и описанием нашего проекта по демонтажу части фундаментной плиты в городе Переславле-Залесском Ярославской области. Компания РезАлмаз - алмазная резка любой сложности в кратчайшие сроки.;Демонтаж части фундаментной плиты;/upload/iblock/608/608268034017e87d648a876af9dbf29c.jpg;;;
5410;Алмазная резка бетона (фундаментной плиты);5410;Y;;;/upload/iblock/8c9/8c9bd1c9494cba42f826a30e4300b57f.jpg;;html;/upload/iblock/404/404b4dd976d43025abb4bcf8a9d52990.jpg;"<p>Объект: Московская область, Переславль-Залесский, Завод.</p>

<p>Задача: демонтировать часть фундаментной плиты и разделить на фрагменты, в непрерывно работающем цеху, с полным отсутствием пыли и грязи вне рабочей зоны.</p>

<p>Для осуществления этого проекта нами был сооружен защитный каркас обтянутый пленкой. Так же была сделана вентиляция.</p>

<p>При резке использовались стенорезные машины HILTI DSTS32, бурильные установки HILTI DD350 и промышленные пылесосы HILTI VCU40.</p>

<p>Этот объем работ был выполнен за 16 часов.</p>";html;rossiya_yaroslavskaya_oblast_pereslavl_zalesskii_zavod;;Здесь вы можете ознакомиться с фотографиями и описанием нашего проекта по демонтажу части фундаментной плиты в городе Переславле-Залесском Ярославской области. Компания РезАлмаз - алмазная резка любой сложности в кратчайшие сроки.;Демонтаж части фундаментной плиты;/upload/iblock/40c/40c5ecd5a13b270b8ed564e9da05ec60.jpg;;;
5410;Алмазная резка бетона (фундаментной плиты);5410;Y;;;/upload/iblock/8c9/8c9bd1c9494cba42f826a30e4300b57f.jpg;;html;/upload/iblock/404/404b4dd976d43025abb4bcf8a9d52990.jpg;"<p>Объект: Московская область, Переславль-Залесский, Завод.</p>

<p>Задача: демонтировать часть фундаментной плиты и разделить на фрагменты, в непрерывно работающем цеху, с полным отсутствием пыли и грязи вне рабочей зоны.</p>

<p>Для осуществления этого проекта нами был сооружен защитный каркас обтянутый пленкой. Так же была сделана вентиляция.</p>

<p>При резке использовались стенорезные машины HILTI DSTS32, бурильные установки HILTI DD350 и промышленные пылесосы HILTI VCU40.</p>

<p>Этот объем работ был выполнен за 16 часов.</p>";html;rossiya_yaroslavskaya_oblast_pereslavl_zalesskii_zavod;;Здесь вы можете ознакомиться с фотографиями и описанием нашего проекта по демонтажу части фундаментной плиты в городе Переславле-Залесском Ярославской области. Компания РезАлмаз - алмазная резка любой сложности в кратчайшие сроки.;Демонтаж части фундаментной плиты;/upload/iblock/00c/00c348b398b6490974efe10e12bb0dba.jpg;;;
5410;Алмазная резка бетона (фундаментной плиты);5410;Y;;;/upload/iblock/8c9/8c9bd1c9494cba42f826a30e4300b57f.jpg;;html;/upload/iblock/404/404b4dd976d43025abb4bcf8a9d52990.jpg;"<p>Объект: Московская область, Переславль-Залесский, Завод.</p>

<p>Задача: демонтировать часть фундаментной плиты и разделить на фрагменты, в непрерывно работающем цеху, с полным отсутствием пыли и грязи вне рабочей зоны.</p>

<p>Для осуществления этого проекта нами был сооружен защитный каркас обтянутый пленкой. Так же была сделана вентиляция.</p>

<p>При резке использовались стенорезные машины HILTI DSTS32, бурильные установки HILTI DD350 и промышленные пылесосы HILTI VCU40.</p>

<p>Этот объем работ был выполнен за 16 часов.</p>";html;rossiya_yaroslavskaya_oblast_pereslavl_zalesskii_zavod;;Здесь вы можете ознакомиться с фотографиями и описанием нашего проекта по демонтажу части фундаментной плиты в городе Переславле-Залесском Ярославской области. Компания РезАлмаз - алмазная резка любой сложности в кратчайшие сроки.;Демонтаж части фундаментной плиты;/upload/iblock/ed8/ed8106ca89bc84ceafeebb7bff174432.jpg;;;
5410;Алмазная резка бетона (фундаментной плиты);5410;Y;;;/upload/iblock/8c9/8c9bd1c9494cba42f826a30e4300b57f.jpg;;html;/upload/iblock/404/404b4dd976d43025abb4bcf8a9d52990.jpg;"<p>Объект: Московская область, Переславль-Залесский, Завод.</p>

<p>Задача: демонтировать часть фундаментной плиты и разделить на фрагменты, в непрерывно работающем цеху, с полным отсутствием пыли и грязи вне рабочей зоны.</p>

<p>Для осуществления этого проекта нами был сооружен защитный каркас обтянутый пленкой. Так же была сделана вентиляция.</p>

<p>При резке использовались стенорезные машины HILTI DSTS32, бурильные установки HILTI DD350 и промышленные пылесосы HILTI VCU40.</p>

<p>Этот объем работ был выполнен за 16 часов.</p>";html;rossiya_yaroslavskaya_oblast_pereslavl_zalesskii_zavod;;Здесь вы можете ознакомиться с фотографиями и описанием нашего проекта по демонтажу части фундаментной плиты в городе Переславле-Залесском Ярославской области. Компания РезАлмаз - алмазная резка любой сложности в кратчайшие сроки.;Демонтаж части фундаментной плиты;/upload/iblock/bc0/bc0865c97b3a6b0150c1c53f5a6d3b98.jpg;;;
5410;Алмазная резка бетона (фундаментной плиты);5410;Y;;;/upload/iblock/8c9/8c9bd1c9494cba42f826a30e4300b57f.jpg;;html;/upload/iblock/404/404b4dd976d43025abb4bcf8a9d52990.jpg;"<p>Объект: Московская область, Переславль-Залесский, Завод.</p>

<p>Задача: демонтировать часть фундаментной плиты и разделить на фрагменты, в непрерывно работающем цеху, с полным отсутствием пыли и грязи вне рабочей зоны.</p>

<p>Для осуществления этого проекта нами был сооружен защитный каркас обтянутый пленкой. Так же была сделана вентиляция.</p>

<p>При резке использовались стенорезные машины HILTI DSTS32, бурильные установки HILTI DD350 и промышленные пылесосы HILTI VCU40.</p>

<p>Этот объем работ был выполнен за 16 часов.</p>";html;rossiya_yaroslavskaya_oblast_pereslavl_zalesskii_zavod;;Здесь вы можете ознакомиться с фотографиями и описанием нашего проекта по демонтажу части фундаментной плиты в городе Переславле-Залесском Ярославской области. Компания РезАлмаз - алмазная резка любой сложности в кратчайшие сроки.;Демонтаж части фундаментной плиты;/upload/iblock/4ac/4ac3de60b366338df7bc64b3591d95a8.jpg;;;
5410;Алмазная резка бетона (фундаментной плиты);5410;Y;;;/upload/iblock/8c9/8c9bd1c9494cba42f826a30e4300b57f.jpg;;html;/upload/iblock/404/404b4dd976d43025abb4bcf8a9d52990.jpg;"<p>Объект: Московская область, Переславль-Залесский, Завод.</p>

<p>Задача: демонтировать часть фундаментной плиты и разделить на фрагменты, в непрерывно работающем цеху, с полным отсутствием пыли и грязи вне рабочей зоны.</p>

<p>Для осуществления этого проекта нами был сооружен защитный каркас обтянутый пленкой. Так же была сделана вентиляция.</p>

<p>При резке использовались стенорезные машины HILTI DSTS32, бурильные установки HILTI DD350 и промышленные пылесосы HILTI VCU40.</p>

<p>Этот объем работ был выполнен за 16 часов.</p>";html;rossiya_yaroslavskaya_oblast_pereslavl_zalesskii_zavod;;Здесь вы можете ознакомиться с фотографиями и описанием нашего проекта по демонтажу части фундаментной плиты в городе Переславле-Залесском Ярославской области. Компания РезАлмаз - алмазная резка любой сложности в кратчайшие сроки.;Демонтаж части фундаментной плиты;/upload/iblock/bb2/bb29108ef370ccc67265895ad8f25c99.jpg;;;
5410;Алмазная резка бетона (фундаментной плиты);5410;Y;;;/upload/iblock/8c9/8c9bd1c9494cba42f826a30e4300b57f.jpg;;html;/upload/iblock/404/404b4dd976d43025abb4bcf8a9d52990.jpg;"<p>Объект: Московская область, Переславль-Залесский, Завод.</p>

<p>Задача: демонтировать часть фундаментной плиты и разделить на фрагменты, в непрерывно работающем цеху, с полным отсутствием пыли и грязи вне рабочей зоны.</p>

<p>Для осуществления этого проекта нами был сооружен защитный каркас обтянутый пленкой. Так же была сделана вентиляция.</p>

<p>При резке использовались стенорезные машины HILTI DSTS32, бурильные установки HILTI DD350 и промышленные пылесосы HILTI VCU40.</p>

<p>Этот объем работ был выполнен за 16 часов.</p>";html;rossiya_yaroslavskaya_oblast_pereslavl_zalesskii_zavod;;Здесь вы можете ознакомиться с фотографиями и описанием нашего проекта по демонтажу части фундаментной плиты в городе Переславле-Залесском Ярославской области. Компания РезАлмаз - алмазная резка любой сложности в кратчайшие сроки.;Демонтаж части фундаментной плиты;/upload/iblock/c4f/c4ff39b30765c4ab3577172b4900b359.jpg;;;
5410;Алмазная резка бетона (фундаментной плиты);5410;Y;;;/upload/iblock/8c9/8c9bd1c9494cba42f826a30e4300b57f.jpg;;html;/upload/iblock/404/404b4dd976d43025abb4bcf8a9d52990.jpg;"<p>Объект: Московская область, Переславль-Залесский, Завод.</p>

<p>Задача: демонтировать часть фундаментной плиты и разделить на фрагменты, в непрерывно работающем цеху, с полным отсутствием пыли и грязи вне рабочей зоны.</p>

<p>Для осуществления этого проекта нами был сооружен защитный каркас обтянутый пленкой. Так же была сделана вентиляция.</p>

<p>При резке использовались стенорезные машины HILTI DSTS32, бурильные установки HILTI DD350 и промышленные пылесосы HILTI VCU40.</p>

<p>Этот объем работ был выполнен за 16 часов.</p>";html;rossiya_yaroslavskaya_oblast_pereslavl_zalesskii_zavod;;Здесь вы можете ознакомиться с фотографиями и описанием нашего проекта по демонтажу части фундаментной плиты в городе Переславле-Залесском Ярославской области. Компания РезАлмаз - алмазная резка любой сложности в кратчайшие сроки.;Демонтаж части фундаментной плиты;/upload/iblock/2cc/2ccb2f6ac547e57460ef74989c9d70df.jpg;;;
5410;Алмазная резка бетона (фундаментной плиты);5410;Y;;;/upload/iblock/8c9/8c9bd1c9494cba42f826a30e4300b57f.jpg;;html;/upload/iblock/404/404b4dd976d43025abb4bcf8a9d52990.jpg;"<p>Объект: Московская область, Переславль-Залесский, Завод.</p>

<p>Задача: демонтировать часть фундаментной плиты и разделить на фрагменты, в непрерывно работающем цеху, с полным отсутствием пыли и грязи вне рабочей зоны.</p>

<p>Для осуществления этого проекта нами был сооружен защитный каркас обтянутый пленкой. Так же была сделана вентиляция.</p>

<p>При резке использовались стенорезные машины HILTI DSTS32, бурильные установки HILTI DD350 и промышленные пылесосы HILTI VCU40.</p>

<p>Этот объем работ был выполнен за 16 часов.</p>";html;rossiya_yaroslavskaya_oblast_pereslavl_zalesskii_zavod;;Здесь вы можете ознакомиться с фотографиями и описанием нашего проекта по демонтажу части фундаментной плиты в городе Переславле-Залесском Ярославской области. Компания РезАлмаз - алмазная резка любой сложности в кратчайшие сроки.;Демонтаж части фундаментной плиты;/upload/iblock/6cc/6cc0618cbf9c52726314f4a5aae1777f.jpg;;;
5410;Алмазная резка бетона (фундаментной плиты);5410;Y;;;/upload/iblock/8c9/8c9bd1c9494cba42f826a30e4300b57f.jpg;;html;/upload/iblock/404/404b4dd976d43025abb4bcf8a9d52990.jpg;"<p>Объект: Московская область, Переславль-Залесский, Завод.</p>

<p>Задача: демонтировать часть фундаментной плиты и разделить на фрагменты, в непрерывно работающем цеху, с полным отсутствием пыли и грязи вне рабочей зоны.</p>

<p>Для осуществления этого проекта нами был сооружен защитный каркас обтянутый пленкой. Так же была сделана вентиляция.</p>

<p>При резке использовались стенорезные машины HILTI DSTS32, бурильные установки HILTI DD350 и промышленные пылесосы HILTI VCU40.</p>

<p>Этот объем работ был выполнен за 16 часов.</p>";html;rossiya_yaroslavskaya_oblast_pereslavl_zalesskii_zavod;;Здесь вы можете ознакомиться с фотографиями и описанием нашего проекта по демонтажу части фундаментной плиты в городе Переславле-Залесском Ярославской области. Компания РезАлмаз - алмазная резка любой сложности в кратчайшие сроки.;Демонтаж части фундаментной плиты;/upload/iblock/407/407694e21255b24196e4a1f5edbaf73f.jpg;;;
5410;Алмазная резка бетона (фундаментной плиты);5410;Y;;;/upload/iblock/8c9/8c9bd1c9494cba42f826a30e4300b57f.jpg;;html;/upload/iblock/404/404b4dd976d43025abb4bcf8a9d52990.jpg;"<p>Объект: Московская область, Переславль-Залесский, Завод.</p>

<p>Задача: демонтировать часть фундаментной плиты и разделить на фрагменты, в непрерывно работающем цеху, с полным отсутствием пыли и грязи вне рабочей зоны.</p>

<p>Для осуществления этого проекта нами был сооружен защитный каркас обтянутый пленкой. Так же была сделана вентиляция.</p>

<p>При резке использовались стенорезные машины HILTI DSTS32, бурильные установки HILTI DD350 и промышленные пылесосы HILTI VCU40.</p>

<p>Этот объем работ был выполнен за 16 часов.</p>";html;rossiya_yaroslavskaya_oblast_pereslavl_zalesskii_zavod;;Здесь вы можете ознакомиться с фотографиями и описанием нашего проекта по демонтажу части фундаментной плиты в городе Переславле-Залесском Ярославской области. Компания РезАлмаз - алмазная резка любой сложности в кратчайшие сроки.;Демонтаж части фундаментной плиты;/upload/iblock/28d/28d12937ecc110b6d7e9290a20f39ef4.jpg;;;
5410;Алмазная резка бетона (фундаментной плиты);5410;Y;;;/upload/iblock/8c9/8c9bd1c9494cba42f826a30e4300b57f.jpg;;html;/upload/iblock/404/404b4dd976d43025abb4bcf8a9d52990.jpg;"<p>Объект: Московская область, Переславль-Залесский, Завод.</p>

<p>Задача: демонтировать часть фундаментной плиты и разделить на фрагменты, в непрерывно работающем цеху, с полным отсутствием пыли и грязи вне рабочей зоны.</p>

<p>Для осуществления этого проекта нами был сооружен защитный каркас обтянутый пленкой. Так же была сделана вентиляция.</p>

<p>При резке использовались стенорезные машины HILTI DSTS32, бурильные установки HILTI DD350 и промышленные пылесосы HILTI VCU40.</p>

<p>Этот объем работ был выполнен за 16 часов.</p>";html;rossiya_yaroslavskaya_oblast_pereslavl_zalesskii_zavod;;Здесь вы можете ознакомиться с фотографиями и описанием нашего проекта по демонтажу части фундаментной плиты в городе Переславле-Залесском Ярославской области. Компания РезАлмаз - алмазная резка любой сложности в кратчайшие сроки.;Демонтаж части фундаментной плиты;/upload/iblock/529/5294d16a12700204ade1af1be01eb6cf.jpg;;;
5411;Устройство проема в перекрытии в г Фрязино, Щелковского р-на;5411;Y;;;/upload/iblock/951/951a18a7f61e887da47e429fe55a8a06.jpg;;html;/upload/iblock/942/942693500dd0ffdaa09fcdb3614d1593.jpg;"<p>Московская область, Щелковский район, г. Фрязино (действующий Фитнес клуб)</p>

<p>Задача: устройство проема в перекрытии для лестничного марша в ж/б плите 6000мм*1200мм*200мм с делением на фрагменты весом не более 80кг. </p>

<p>Сложность проекта заключалась в том, что внизу демонтируемого проема находился действующий Фитнес клуб. Было принято решение производить работы в новогодние праздники при обеспечении полной изоляции от пыли и воды.</p>

<p>Работы были выполнены в течении двух суток. При выполнении работ использовались бурильные установки HILTI DD350 и стенорезная машина DS-TS 10E.</p>
";html;fryazino-proem-v-perekrytii;;Здесь вы можете ознакомиться с фотографиями и описанием нашего проекта по устройству проема в перекрытии в городе Фрязино, Щелковского района. Компания РезАлмаз - алмазная резка и бурение любой сложности в кратчайшие сроки.;Устройство проема в перекрытии;/upload/iblock/7b0/7b07629c3c12ec4a3d88ad2337906a0a.jpg;;;
5411;Устройство проема в перекрытии в г Фрязино, Щелковского р-на;5411;Y;;;/upload/iblock/951/951a18a7f61e887da47e429fe55a8a06.jpg;;html;/upload/iblock/942/942693500dd0ffdaa09fcdb3614d1593.jpg;"<p>Московская область, Щелковский район, г. Фрязино (действующий Фитнес клуб)</p>

<p>Задача: устройство проема в перекрытии для лестничного марша в ж/б плите 6000мм*1200мм*200мм с делением на фрагменты весом не более 80кг. </p>

<p>Сложность проекта заключалась в том, что внизу демонтируемого проема находился действующий Фитнес клуб. Было принято решение производить работы в новогодние праздники при обеспечении полной изоляции от пыли и воды.</p>

<p>Работы были выполнены в течении двух суток. При выполнении работ использовались бурильные установки HILTI DD350 и стенорезная машина DS-TS 10E.</p>
";html;fryazino-proem-v-perekrytii;;Здесь вы можете ознакомиться с фотографиями и описанием нашего проекта по устройству проема в перекрытии в городе Фрязино, Щелковского района. Компания РезАлмаз - алмазная резка и бурение любой сложности в кратчайшие сроки.;Устройство проема в перекрытии;/upload/iblock/c37/c3786f49c310d6c7b629155fabd8a2b5.jpg;;;
5411;Устройство проема в перекрытии в г Фрязино, Щелковского р-на;5411;Y;;;/upload/iblock/951/951a18a7f61e887da47e429fe55a8a06.jpg;;html;/upload/iblock/942/942693500dd0ffdaa09fcdb3614d1593.jpg;"<p>Московская область, Щелковский район, г. Фрязино (действующий Фитнес клуб)</p>

<p>Задача: устройство проема в перекрытии для лестничного марша в ж/б плите 6000мм*1200мм*200мм с делением на фрагменты весом не более 80кг. </p>

<p>Сложность проекта заключалась в том, что внизу демонтируемого проема находился действующий Фитнес клуб. Было принято решение производить работы в новогодние праздники при обеспечении полной изоляции от пыли и воды.</p>

<p>Работы были выполнены в течении двух суток. При выполнении работ использовались бурильные установки HILTI DD350 и стенорезная машина DS-TS 10E.</p>
";html;fryazino-proem-v-perekrytii;;Здесь вы можете ознакомиться с фотографиями и описанием нашего проекта по устройству проема в перекрытии в городе Фрязино, Щелковского района. Компания РезАлмаз - алмазная резка и бурение любой сложности в кратчайшие сроки.;Устройство проема в перекрытии;/upload/iblock/b30/b30e010ce74a594cef94072cd5fdef41.jpg;;;
5411;Устройство проема в перекрытии в г Фрязино, Щелковского р-на;5411;Y;;;/upload/iblock/951/951a18a7f61e887da47e429fe55a8a06.jpg;;html;/upload/iblock/942/942693500dd0ffdaa09fcdb3614d1593.jpg;"<p>Московская область, Щелковский район, г. Фрязино (действующий Фитнес клуб)</p>

<p>Задача: устройство проема в перекрытии для лестничного марша в ж/б плите 6000мм*1200мм*200мм с делением на фрагменты весом не более 80кг. </p>

<p>Сложность проекта заключалась в том, что внизу демонтируемого проема находился действующий Фитнес клуб. Было принято решение производить работы в новогодние праздники при обеспечении полной изоляции от пыли и воды.</p>

<p>Работы были выполнены в течении двух суток. При выполнении работ использовались бурильные установки HILTI DD350 и стенорезная машина DS-TS 10E.</p>
";html;fryazino-proem-v-perekrytii;;Здесь вы можете ознакомиться с фотографиями и описанием нашего проекта по устройству проема в перекрытии в городе Фрязино, Щелковского района. Компания РезАлмаз - алмазная резка и бурение любой сложности в кратчайшие сроки.;Устройство проема в перекрытии;/upload/iblock/f23/f23762f6d0f3e36c199a659dd40f1032.jpg;;;
5411;Устройство проема в перекрытии в г Фрязино, Щелковского р-на;5411;Y;;;/upload/iblock/951/951a18a7f61e887da47e429fe55a8a06.jpg;;html;/upload/iblock/942/942693500dd0ffdaa09fcdb3614d1593.jpg;"<p>Московская область, Щелковский район, г. Фрязино (действующий Фитнес клуб)</p>

<p>Задача: устройство проема в перекрытии для лестничного марша в ж/б плите 6000мм*1200мм*200мм с делением на фрагменты весом не более 80кг. </p>

<p>Сложность проекта заключалась в том, что внизу демонтируемого проема находился действующий Фитнес клуб. Было принято решение производить работы в новогодние праздники при обеспечении полной изоляции от пыли и воды.</p>

<p>Работы были выполнены в течении двух суток. При выполнении работ использовались бурильные установки HILTI DD350 и стенорезная машина DS-TS 10E.</p>
";html;fryazino-proem-v-perekrytii;;Здесь вы можете ознакомиться с фотографиями и описанием нашего проекта по устройству проема в перекрытии в городе Фрязино, Щелковского района. Компания РезАлмаз - алмазная резка и бурение любой сложности в кратчайшие сроки.;Устройство проема в перекрытии;/upload/iblock/800/8009b26bf3de80d1f0e897dc4a6fce03.jpg;;;
5412;Устройство проема в кирпичной стене с усилением в г Фрязино, Щелковского р-на;5412;Y;;;/upload/iblock/abd/abd4b18c0032c4e062c84e05cab0021f.jpg;;html;/upload/iblock/3fb/3fb2e997853784cd32d8e7363e01c038.jpg;"<p>Московская область, Щелковский район, г. Фрязино </p>

<p>Задача: устройство проема в кирпичной стене толщиной 180мм с усилением для проезда погрузочного транспорта в производственном помещении.</p>

<p>Сложность проекта заключалась в устройстве нестандартного усиления, связанного с 10 метровой высотой стены и попадающей в проем стойкой усиления (устанавливалась при возведении стены).</p>

<p>Был принято наиболее оптимальное проектное решение. В первую очередь было выполнено усиление, а вслед за ним и сам демонтаж смены. Резка кирпича производилась ручными резчиками Husqvarna.</p>

<p>Работы производились круглосуточно и были выполнены раньше оговоренного срока.</p>
";html;fryazino-proem-s-usileniem;;Здесь вы можете ознакомиться с фотографиями и описанием нашего проекта по устройству проема в кирпичной стене с усилением в городе Фрязино, Щелковского района. Компания РезАлмаз - алмазная резка и бурение любой сложности в кратчайшие сроки.;Устройство проема в кирпичной стене с усилением;/upload/iblock/e14/e14829561382445b1ca77932910b1d9f.jpg;;;
5412;Устройство проема в кирпичной стене с усилением в г Фрязино, Щелковского р-на;5412;Y;;;/upload/iblock/abd/abd4b18c0032c4e062c84e05cab0021f.jpg;;html;/upload/iblock/3fb/3fb2e997853784cd32d8e7363e01c038.jpg;"<p>Московская область, Щелковский район, г. Фрязино </p>

<p>Задача: устройство проема в кирпичной стене толщиной 180мм с усилением для проезда погрузочного транспорта в производственном помещении.</p>

<p>Сложность проекта заключалась в устройстве нестандартного усиления, связанного с 10 метровой высотой стены и попадающей в проем стойкой усиления (устанавливалась при возведении стены).</p>

<p>Был принято наиболее оптимальное проектное решение. В первую очередь было выполнено усиление, а вслед за ним и сам демонтаж смены. Резка кирпича производилась ручными резчиками Husqvarna.</p>

<p>Работы производились круглосуточно и были выполнены раньше оговоренного срока.</p>
";html;fryazino-proem-s-usileniem;;Здесь вы можете ознакомиться с фотографиями и описанием нашего проекта по устройству проема в кирпичной стене с усилением в городе Фрязино, Щелковского района. Компания РезАлмаз - алмазная резка и бурение любой сложности в кратчайшие сроки.;Устройство проема в кирпичной стене с усилением;/upload/iblock/eb7/eb706f4c0f41aaa15978c14ee5fbcc18.jpg;;;
5412;Устройство проема в кирпичной стене с усилением в г Фрязино, Щелковского р-на;5412;Y;;;/upload/iblock/abd/abd4b18c0032c4e062c84e05cab0021f.jpg;;html;/upload/iblock/3fb/3fb2e997853784cd32d8e7363e01c038.jpg;"<p>Московская область, Щелковский район, г. Фрязино </p>

<p>Задача: устройство проема в кирпичной стене толщиной 180мм с усилением для проезда погрузочного транспорта в производственном помещении.</p>

<p>Сложность проекта заключалась в устройстве нестандартного усиления, связанного с 10 метровой высотой стены и попадающей в проем стойкой усиления (устанавливалась при возведении стены).</p>

<p>Был принято наиболее оптимальное проектное решение. В первую очередь было выполнено усиление, а вслед за ним и сам демонтаж смены. Резка кирпича производилась ручными резчиками Husqvarna.</p>

<p>Работы производились круглосуточно и были выполнены раньше оговоренного срока.</p>
";html;fryazino-proem-s-usileniem;;Здесь вы можете ознакомиться с фотографиями и описанием нашего проекта по устройству проема в кирпичной стене с усилением в городе Фрязино, Щелковского района. Компания РезАлмаз - алмазная резка и бурение любой сложности в кратчайшие сроки.;Устройство проема в кирпичной стене с усилением;/upload/iblock/7b9/7b9800eb5cc7b673fd35ac8f3587f434.jpg;;;
5412;Устройство проема в кирпичной стене с усилением в г Фрязино, Щелковского р-на;5412;Y;;;/upload/iblock/abd/abd4b18c0032c4e062c84e05cab0021f.jpg;;html;/upload/iblock/3fb/3fb2e997853784cd32d8e7363e01c038.jpg;"<p>Московская область, Щелковский район, г. Фрязино </p>

<p>Задача: устройство проема в кирпичной стене толщиной 180мм с усилением для проезда погрузочного транспорта в производственном помещении.</p>

<p>Сложность проекта заключалась в устройстве нестандартного усиления, связанного с 10 метровой высотой стены и попадающей в проем стойкой усиления (устанавливалась при возведении стены).</p>

<p>Был принято наиболее оптимальное проектное решение. В первую очередь было выполнено усиление, а вслед за ним и сам демонтаж смены. Резка кирпича производилась ручными резчиками Husqvarna.</p>

<p>Работы производились круглосуточно и были выполнены раньше оговоренного срока.</p>
";html;fryazino-proem-s-usileniem;;Здесь вы можете ознакомиться с фотографиями и описанием нашего проекта по устройству проема в кирпичной стене с усилением в городе Фрязино, Щелковского района. Компания РезАлмаз - алмазная резка и бурение любой сложности в кратчайшие сроки.;Устройство проема в кирпичной стене с усилением;/upload/iblock/d3f/d3f916b2a39b64d041a068a0695dec90.jpg;;;
5412;Устройство проема в кирпичной стене с усилением в г Фрязино, Щелковского р-на;5412;Y;;;/upload/iblock/abd/abd4b18c0032c4e062c84e05cab0021f.jpg;;html;/upload/iblock/3fb/3fb2e997853784cd32d8e7363e01c038.jpg;"<p>Московская область, Щелковский район, г. Фрязино </p>

<p>Задача: устройство проема в кирпичной стене толщиной 180мм с усилением для проезда погрузочного транспорта в производственном помещении.</p>

<p>Сложность проекта заключалась в устройстве нестандартного усиления, связанного с 10 метровой высотой стены и попадающей в проем стойкой усиления (устанавливалась при возведении стены).</p>

<p>Был принято наиболее оптимальное проектное решение. В первую очередь было выполнено усиление, а вслед за ним и сам демонтаж смены. Резка кирпича производилась ручными резчиками Husqvarna.</p>

<p>Работы производились круглосуточно и были выполнены раньше оговоренного срока.</p>
";html;fryazino-proem-s-usileniem;;Здесь вы можете ознакомиться с фотографиями и описанием нашего проекта по устройству проема в кирпичной стене с усилением в городе Фрязино, Щелковского района. Компания РезАлмаз - алмазная резка и бурение любой сложности в кратчайшие сроки.;Устройство проема в кирпичной стене с усилением;/upload/iblock/679/6799eebd448e48306731b52bb89d34a5.jpg;;;
5412;Устройство проема в кирпичной стене с усилением в г Фрязино, Щелковского р-на;5412;Y;;;/upload/iblock/abd/abd4b18c0032c4e062c84e05cab0021f.jpg;;html;/upload/iblock/3fb/3fb2e997853784cd32d8e7363e01c038.jpg;"<p>Московская область, Щелковский район, г. Фрязино </p>

<p>Задача: устройство проема в кирпичной стене толщиной 180мм с усилением для проезда погрузочного транспорта в производственном помещении.</p>

<p>Сложность проекта заключалась в устройстве нестандартного усиления, связанного с 10 метровой высотой стены и попадающей в проем стойкой усиления (устанавливалась при возведении стены).</p>

<p>Был принято наиболее оптимальное проектное решение. В первую очередь было выполнено усиление, а вслед за ним и сам демонтаж смены. Резка кирпича производилась ручными резчиками Husqvarna.</p>

<p>Работы производились круглосуточно и были выполнены раньше оговоренного срока.</p>
";html;fryazino-proem-s-usileniem;;Здесь вы можете ознакомиться с фотографиями и описанием нашего проекта по устройству проема в кирпичной стене с усилением в городе Фрязино, Щелковского района. Компания РезАлмаз - алмазная резка и бурение любой сложности в кратчайшие сроки.;Устройство проема в кирпичной стене с усилением;/upload/iblock/594/594ea478d715f390aed7efcbd5d6a507.jpg;;;
5412;Устройство проема в кирпичной стене с усилением в г Фрязино, Щелковского р-на;5412;Y;;;/upload/iblock/abd/abd4b18c0032c4e062c84e05cab0021f.jpg;;html;/upload/iblock/3fb/3fb2e997853784cd32d8e7363e01c038.jpg;"<p>Московская область, Щелковский район, г. Фрязино </p>

<p>Задача: устройство проема в кирпичной стене толщиной 180мм с усилением для проезда погрузочного транспорта в производственном помещении.</p>

<p>Сложность проекта заключалась в устройстве нестандартного усиления, связанного с 10 метровой высотой стены и попадающей в проем стойкой усиления (устанавливалась при возведении стены).</p>

<p>Был принято наиболее оптимальное проектное решение. В первую очередь было выполнено усиление, а вслед за ним и сам демонтаж смены. Резка кирпича производилась ручными резчиками Husqvarna.</p>

<p>Работы производились круглосуточно и были выполнены раньше оговоренного срока.</p>
";html;fryazino-proem-s-usileniem;;Здесь вы можете ознакомиться с фотографиями и описанием нашего проекта по устройству проема в кирпичной стене с усилением в городе Фрязино, Щелковского района. Компания РезАлмаз - алмазная резка и бурение любой сложности в кратчайшие сроки.;Устройство проема в кирпичной стене с усилением;/upload/iblock/858/85819a38a8a11e5065cbf247a5320dab.jpg;;;
5412;Устройство проема в кирпичной стене с усилением в г Фрязино, Щелковского р-на;5412;Y;;;/upload/iblock/abd/abd4b18c0032c4e062c84e05cab0021f.jpg;;html;/upload/iblock/3fb/3fb2e997853784cd32d8e7363e01c038.jpg;"<p>Московская область, Щелковский район, г. Фрязино </p>

<p>Задача: устройство проема в кирпичной стене толщиной 180мм с усилением для проезда погрузочного транспорта в производственном помещении.</p>

<p>Сложность проекта заключалась в устройстве нестандартного усиления, связанного с 10 метровой высотой стены и попадающей в проем стойкой усиления (устанавливалась при возведении стены).</p>

<p>Был принято наиболее оптимальное проектное решение. В первую очередь было выполнено усиление, а вслед за ним и сам демонтаж смены. Резка кирпича производилась ручными резчиками Husqvarna.</p>

<p>Работы производились круглосуточно и были выполнены раньше оговоренного срока.</p>
";html;fryazino-proem-s-usileniem;;Здесь вы можете ознакомиться с фотографиями и описанием нашего проекта по устройству проема в кирпичной стене с усилением в городе Фрязино, Щелковского района. Компания РезАлмаз - алмазная резка и бурение любой сложности в кратчайшие сроки.;Устройство проема в кирпичной стене с усилением;/upload/iblock/dc4/dc4cea49fa8b8b1a9a9a611af46b53d1.jpg;;;
5412;Устройство проема в кирпичной стене с усилением в г Фрязино, Щелковского р-на;5412;Y;;;/upload/iblock/abd/abd4b18c0032c4e062c84e05cab0021f.jpg;;html;/upload/iblock/3fb/3fb2e997853784cd32d8e7363e01c038.jpg;"<p>Московская область, Щелковский район, г. Фрязино </p>

<p>Задача: устройство проема в кирпичной стене толщиной 180мм с усилением для проезда погрузочного транспорта в производственном помещении.</p>

<p>Сложность проекта заключалась в устройстве нестандартного усиления, связанного с 10 метровой высотой стены и попадающей в проем стойкой усиления (устанавливалась при возведении стены).</p>

<p>Был принято наиболее оптимальное проектное решение. В первую очередь было выполнено усиление, а вслед за ним и сам демонтаж смены. Резка кирпича производилась ручными резчиками Husqvarna.</p>

<p>Работы производились круглосуточно и были выполнены раньше оговоренного срока.</p>
";html;fryazino-proem-s-usileniem;;Здесь вы можете ознакомиться с фотографиями и описанием нашего проекта по устройству проема в кирпичной стене с усилением в городе Фрязино, Щелковского района. Компания РезАлмаз - алмазная резка и бурение любой сложности в кратчайшие сроки.;Устройство проема в кирпичной стене с усилением;/upload/iblock/9bc/9bcc6b5bcef4c256089a8e4b7a47fa2f.jpg;;;
5412;Устройство проема в кирпичной стене с усилением в г Фрязино, Щелковского р-на;5412;Y;;;/upload/iblock/abd/abd4b18c0032c4e062c84e05cab0021f.jpg;;html;/upload/iblock/3fb/3fb2e997853784cd32d8e7363e01c038.jpg;"<p>Московская область, Щелковский район, г. Фрязино </p>

<p>Задача: устройство проема в кирпичной стене толщиной 180мм с усилением для проезда погрузочного транспорта в производственном помещении.</p>

<p>Сложность проекта заключалась в устройстве нестандартного усиления, связанного с 10 метровой высотой стены и попадающей в проем стойкой усиления (устанавливалась при возведении стены).</p>

<p>Был принято наиболее оптимальное проектное решение. В первую очередь было выполнено усиление, а вслед за ним и сам демонтаж смены. Резка кирпича производилась ручными резчиками Husqvarna.</p>

<p>Работы производились круглосуточно и были выполнены раньше оговоренного срока.</p>
";html;fryazino-proem-s-usileniem;;Здесь вы можете ознакомиться с фотографиями и описанием нашего проекта по устройству проема в кирпичной стене с усилением в городе Фрязино, Щелковского района. Компания РезАлмаз - алмазная резка и бурение любой сложности в кратчайшие сроки.;Устройство проема в кирпичной стене с усилением;/upload/iblock/fc1/fc1dc5c89169aedce4a656c4d8360c76.jpg;;;
5412;Устройство проема в кирпичной стене с усилением в г Фрязино, Щелковского р-на;5412;Y;;;/upload/iblock/abd/abd4b18c0032c4e062c84e05cab0021f.jpg;;html;/upload/iblock/3fb/3fb2e997853784cd32d8e7363e01c038.jpg;"<p>Московская область, Щелковский район, г. Фрязино </p>

<p>Задача: устройство проема в кирпичной стене толщиной 180мм с усилением для проезда погрузочного транспорта в производственном помещении.</p>

<p>Сложность проекта заключалась в устройстве нестандартного усиления, связанного с 10 метровой высотой стены и попадающей в проем стойкой усиления (устанавливалась при возведении стены).</p>

<p>Был принято наиболее оптимальное проектное решение. В первую очередь было выполнено усиление, а вслед за ним и сам демонтаж смены. Резка кирпича производилась ручными резчиками Husqvarna.</p>

<p>Работы производились круглосуточно и были выполнены раньше оговоренного срока.</p>
";html;fryazino-proem-s-usileniem;;Здесь вы можете ознакомиться с фотографиями и описанием нашего проекта по устройству проема в кирпичной стене с усилением в городе Фрязино, Щелковского района. Компания РезАлмаз - алмазная резка и бурение любой сложности в кратчайшие сроки.;Устройство проема в кирпичной стене с усилением;/upload/iblock/0ef/0efeac6f89ea01bc5b3444dc42011cde.jpg;;;
5412;Устройство проема в кирпичной стене с усилением в г Фрязино, Щелковского р-на;5412;Y;;;/upload/iblock/abd/abd4b18c0032c4e062c84e05cab0021f.jpg;;html;/upload/iblock/3fb/3fb2e997853784cd32d8e7363e01c038.jpg;"<p>Московская область, Щелковский район, г. Фрязино </p>

<p>Задача: устройство проема в кирпичной стене толщиной 180мм с усилением для проезда погрузочного транспорта в производственном помещении.</p>

<p>Сложность проекта заключалась в устройстве нестандартного усиления, связанного с 10 метровой высотой стены и попадающей в проем стойкой усиления (устанавливалась при возведении стены).</p>

<p>Был принято наиболее оптимальное проектное решение. В первую очередь было выполнено усиление, а вслед за ним и сам демонтаж смены. Резка кирпича производилась ручными резчиками Husqvarna.</p>

<p>Работы производились круглосуточно и были выполнены раньше оговоренного срока.</p>
";html;fryazino-proem-s-usileniem;;Здесь вы можете ознакомиться с фотографиями и описанием нашего проекта по устройству проема в кирпичной стене с усилением в городе Фрязино, Щелковского района. Компания РезАлмаз - алмазная резка и бурение любой сложности в кратчайшие сроки.;Устройство проема в кирпичной стене с усилением;/upload/iblock/d4f/d4f710f865109170aa0f98a1968893a2.jpg;;;
5412;Устройство проема в кирпичной стене с усилением в г Фрязино, Щелковского р-на;5412;Y;;;/upload/iblock/abd/abd4b18c0032c4e062c84e05cab0021f.jpg;;html;/upload/iblock/3fb/3fb2e997853784cd32d8e7363e01c038.jpg;"<p>Московская область, Щелковский район, г. Фрязино </p>

<p>Задача: устройство проема в кирпичной стене толщиной 180мм с усилением для проезда погрузочного транспорта в производственном помещении.</p>

<p>Сложность проекта заключалась в устройстве нестандартного усиления, связанного с 10 метровой высотой стены и попадающей в проем стойкой усиления (устанавливалась при возведении стены).</p>

<p>Был принято наиболее оптимальное проектное решение. В первую очередь было выполнено усиление, а вслед за ним и сам демонтаж смены. Резка кирпича производилась ручными резчиками Husqvarna.</p>

<p>Работы производились круглосуточно и были выполнены раньше оговоренного срока.</p>
";html;fryazino-proem-s-usileniem;;Здесь вы можете ознакомиться с фотографиями и описанием нашего проекта по устройству проема в кирпичной стене с усилением в городе Фрязино, Щелковского района. Компания РезАлмаз - алмазная резка и бурение любой сложности в кратчайшие сроки.;Устройство проема в кирпичной стене с усилением;/upload/iblock/c0f/c0ffc5d06c2d11efeb6899841afa1119.jpg;;;
5413;Демонтаж крышки лифтовой шахты в г Фрязино, Щелковского р-на;5413;Y;;;/upload/iblock/4a0/4a069a443e7cd4adb3b5b715c3ada198.jpeg;;html;/upload/iblock/da2/da262d3d5a85d5c154f31bce53373d36.jpeg;"<p>Московская область, Щелковский район, г. Фрязино</p>

<p>Задача: демонтировать крышку лифтовой шахты ж/б 2400мм*2400мм*200мм между третьим и четвертым этажами с резкой на фрагменты не более 80кг, для последующего возведения шахты вверх.</p>

<p>Во избежание протечек и падения мелкого мусора в шахту было смонтировано перекрытие внутри шахты на третьем и сделана гидроизоляция.</p>

<p>Работа производилась в дневное время и была выполнена за два дня.</p>

<p>При работе использовалась стенорезная машина DS-TS 10E</p>
";html;fryazino-demontazh;;Здесь вы можете ознакомиться с фотографиями и описанием нашего проекта по демонтажу крышки лифтовой шахты в городе Фрязино, Щелковского района. Компания РезАлмаз - алмазная резка и бурение любой сложности в кратчайшие сроки.;Демонтаж крышки лифтовой шахты;/upload/iblock/4fc/4fc6ddcb6780153b2af8666d5616ac7f.jpeg;;;
5413;Демонтаж крышки лифтовой шахты в г Фрязино, Щелковского р-на;5413;Y;;;/upload/iblock/4a0/4a069a443e7cd4adb3b5b715c3ada198.jpeg;;html;/upload/iblock/da2/da262d3d5a85d5c154f31bce53373d36.jpeg;"<p>Московская область, Щелковский район, г. Фрязино</p>

<p>Задача: демонтировать крышку лифтовой шахты ж/б 2400мм*2400мм*200мм между третьим и четвертым этажами с резкой на фрагменты не более 80кг, для последующего возведения шахты вверх.</p>

<p>Во избежание протечек и падения мелкого мусора в шахту было смонтировано перекрытие внутри шахты на третьем и сделана гидроизоляция.</p>

<p>Работа производилась в дневное время и была выполнена за два дня.</p>

<p>При работе использовалась стенорезная машина DS-TS 10E</p>
";html;fryazino-demontazh;;Здесь вы можете ознакомиться с фотографиями и описанием нашего проекта по демонтажу крышки лифтовой шахты в городе Фрязино, Щелковского района. Компания РезАлмаз - алмазная резка и бурение любой сложности в кратчайшие сроки.;Демонтаж крышки лифтовой шахты;/upload/iblock/274/274cf0d80efae8e8643a826e0653e2d7.jpeg;;;
5413;Демонтаж крышки лифтовой шахты в г Фрязино, Щелковского р-на;5413;Y;;;/upload/iblock/4a0/4a069a443e7cd4adb3b5b715c3ada198.jpeg;;html;/upload/iblock/da2/da262d3d5a85d5c154f31bce53373d36.jpeg;"<p>Московская область, Щелковский район, г. Фрязино</p>

<p>Задача: демонтировать крышку лифтовой шахты ж/б 2400мм*2400мм*200мм между третьим и четвертым этажами с резкой на фрагменты не более 80кг, для последующего возведения шахты вверх.</p>

<p>Во избежание протечек и падения мелкого мусора в шахту было смонтировано перекрытие внутри шахты на третьем и сделана гидроизоляция.</p>

<p>Работа производилась в дневное время и была выполнена за два дня.</p>

<p>При работе использовалась стенорезная машина DS-TS 10E</p>
";html;fryazino-demontazh;;Здесь вы можете ознакомиться с фотографиями и описанием нашего проекта по демонтажу крышки лифтовой шахты в городе Фрязино, Щелковского района. Компания РезАлмаз - алмазная резка и бурение любой сложности в кратчайшие сроки.;Демонтаж крышки лифтовой шахты;/upload/iblock/209/20975fe8cf52c1bae06017ae77c50d7e.jpg;;;
5413;Демонтаж крышки лифтовой шахты в г Фрязино, Щелковского р-на;5413;Y;;;/upload/iblock/4a0/4a069a443e7cd4adb3b5b715c3ada198.jpeg;;html;/upload/iblock/da2/da262d3d5a85d5c154f31bce53373d36.jpeg;"<p>Московская область, Щелковский район, г. Фрязино</p>

<p>Задача: демонтировать крышку лифтовой шахты ж/б 2400мм*2400мм*200мм между третьим и четвертым этажами с резкой на фрагменты не более 80кг, для последующего возведения шахты вверх.</p>

<p>Во избежание протечек и падения мелкого мусора в шахту было смонтировано перекрытие внутри шахты на третьем и сделана гидроизоляция.</p>

<p>Работа производилась в дневное время и была выполнена за два дня.</p>

<p>При работе использовалась стенорезная машина DS-TS 10E</p>
";html;fryazino-demontazh;;Здесь вы можете ознакомиться с фотографиями и описанием нашего проекта по демонтажу крышки лифтовой шахты в городе Фрязино, Щелковского района. Компания РезАлмаз - алмазная резка и бурение любой сложности в кратчайшие сроки.;Демонтаж крышки лифтовой шахты;/upload/iblock/f96/f960f9be2b5d4752ee1e9741bc41db54.jpeg;;;
